"서비스 이름","분야","한 줄 소개","주소(URL)","요금","장점","아쉬운 점","추천 용도","직접 써본 소감","디자인 개입 정도"
"Figma (피그마)","UI/UX 디자인 · 웹디자인 · 프로토타이핑 · AI 디자인","AI 기능과 실시간 협업을 결합해 웹사이트와 앱의 UI/UX를 설계하고, 디자인 시스템부터 인터랙티브 프로토타입까지 제작할 수 있는 전문 디자인 플랫폼.","https://www.figma.com","무료: Starter 플랜
유료: Professional 월 $16부터(Full Seat, 연간 결제 기준)
AI 기능은 제공되는 AI 크레딧 범위 내에서 사용
무료 플랜에도 제한적인 AI 크레딧 제공","웹사이트와 모바일 앱 UI/UX 디자인에 최적화
레이아웃, 컬러, 타이포그래피, 컴포넌트 등을 매우 세밀하게 제어 가능
Auto Layout, Components, Variables 등 전문적인 디자인 시스템 구축 가능
실시간 공동 작업과 피드백 기능이 뛰어남
플러그인과 커뮤니티 리소스가 매우 다양함
AI를 이용해 UI 생성, 반복 작업, 프로토타입 제작 등을 보조할 수 있음
Figma Make 등을 이용해 인터랙티브 결과물 제작 가능","전문 기능을 제대로 활용하려면 학습이 필요함
복잡한 디자인 시스템 구축에는 시간이 많이 들어감
AI가 모든 디자인을 자동으로 완성해 주는 형태는 아님
고급 기능과 지속적인 AI 사용에는 비용이 발생할 수 있음","웹사이트 및 모바일 앱 UI/UX 디자인, 디자인 시스템 구축, 팀 협업 프로젝트, 프로토타입 제작, 실제 서비스 수준의 디자인 작업.","참고 평가 — 실제 장기간 사용한 체험기가 아니라 기능과 워크플로우를 기준으로 한 평가

전문적인 UI/UX 작업을 하고 싶다면 가장 자유도가 높은 선택지다. AI가 초안을 만들어 주는 것보다 사용자가 직접 디자인하고 AI가 작업을 보조하는 성격이 강하다. 결과물을 세밀하게 다듬고 싶은 사람이나 전문 디자이너에게 특히 잘 맞는다.","★★★★★ 5/5 · 직접 설계형

사용자가 거의 모든 부분에 직접 개입할 수 있다. 레이아웃, 여백, 폰트, 컬러, 컴포넌트, 디자인 토큰, 반응형 구조, 인터랙션까지 세밀하게 조절할 수 있다. AI는 디자인을 대신하는 존재라기보다 작업 속도를 높여주는 보조 도구에 가깝다."
"Wegic (웨직)","AI 웹사이트 제작 · 노코드 웹빌더 · 랜딩페이지 디자인","AI와 대화하는 것만으로 웹사이트의 구조, 디자인, 콘텐츠 구성부터 실제 게시까지 진행할 수 있는 대화형 AI 웹사이트 제작 서비스.","https://wegic.ai","제한적인 무료 체험 제공
첫 웹사이트 생성 체험: 약 $2.99
Starter: 월 $39.90 / 연간 결제 시 월 약 $23.90
Premium: 월 $69.90 / 연간 결제 시 월 약 $41.90
생성 및 수정 과정에서 AI 크레딧 사용","디자인이나 코딩 경험이 없어도 웹사이트 제작 가능
자연어로 원하는 디자인을 설명하면 AI가 사이트를 구성
AI와 대화하며 레이아웃, 컬러, 콘텐츠 등을 수정 가능
모바일 반응형 웹사이트 지원
이미지나 디자인 참고자료를 제공해 방향을 지정할 수 있음
제작부터 게시까지 하나의 서비스에서 처리 가능","전문 디자인 툴보다 세밀한 직접 편집 능력이 부족함
AI가 만든 구조 안에서 수정하는 형태가 중심
생성과 수정 과정에서 크레딧이 계속 소모될 수 있음
자체 도메인 등 일부 기능은 유료 플랜이 필요함
전문 디자이너가 원하는 픽셀 단위의 정밀한 조정에는 제약이 있음","개인 홈페이지, 소규모 비즈니스 홈페이지, 스타트업 랜딩페이지, 이벤트 사이트, 빠르게 웹사이트 초안을 만들어야 하는 경우.","참고 평가 — 실제 장기간 사용한 체험기가 아니라 기능과 워크플로우를 기준으로 한 평가

웹사이트 제작 경험이 없는 사람이 빠르게 결과물을 만들기 좋다. 사용자는 디자이너라기보다 AI에게 지시를 내리는 디렉터에 가까운 역할을 하게 된다. 디자인을 직접 만지는 재미보다는 속도와 편의성을 중요하게 생각할 때 적합하다.","★★☆☆☆ 2/5 · AI 위임형

사용자가 직접 레이어와 컴포넌트를 하나씩 설계하기보다 AI에게 “이 부분을 바꿔줘”라고 요청하는 방식이 중심이다. 원하는 방향을 지정할 수는 있지만, Figma나 Framer처럼 모든 요소를 자유롭게 직접 편집하는 도구는 아니다."
"Framer (프레이머)","AI 웹디자인 · 노코드 웹사이트 제작 · 인터랙티브 디자인","AI와 전문적인 비주얼 편집 기능을 결합해 세련된 반응형 웹사이트를 디자인하고 실제 웹사이트로 바로 게시할 수 있는 플랫폼.","https://www.framer.com","무료: Free 플랜
Basic: 월 약 $10부터(연간 결제 기준)
Pro: 월 약 $30부터(연간 결제 기준)
Enterprise: 별도 문의
일부 AI 기능은 사용량 및 크레딧 정책에 따라 제한될 수 있음","디자인과 실제 웹사이트 배포를 하나의 도구에서 처리 가능
전문적인 반응형 웹디자인 가능
세련된 애니메이션과 인터랙션 구현에 강함
템플릿과 컴포넌트 생태계가 풍부함
AI로 페이지 구조와 초기 디자인을 빠르게 생성 가능
생성된 결과를 사용자가 직접 세밀하게 수정할 수 있음
CMS와 실제 웹사이트 운영 기능 제공","제대로 활용하려면 웹디자인과 반응형 구조에 대한 이해가 필요함
초보자에게 편집 환경이 다소 복잡하게 느껴질 수 있음
복잡한 웹 애플리케이션 개발에는 한계가 있음
고급 기능이나 여러 사이트 운영에는 비용이 증가할 수 있음","디자이너 포트폴리오, 스타트업 랜딩페이지, 브랜드 홈페이지, 제품 소개 페이지, 인터랙티브 웹사이트, 실제 배포가 필요한 웹디자인.","참고 평가 — 실제 장기간 사용한 체험기가 아니라 기능과 워크플로우를 기준으로 한 평가

AI가 만들어 주는 편리함과 전문 디자인 도구의 자유도를 적절히 섞은 서비스다. 빠르게 사이트를 시작하면서도 최종 결과물은 직접 세밀하게 다듬을 수 있다는 점이 강점이다. 특히 웹사이트를 실제로 배포하는 것이 목적이라면 Figma보다 직접적인 선택지가 될 수 있다.","★★★★★ 5/5 · 직접 설계형

AI로 웹사이트 초안을 만들 수 있지만 이후 레이아웃, 폰트, 컴포넌트, 반응형 구조, 애니메이션, 인터랙션 등을 사용자가 직접 수정할 수 있다. AI 웹빌더이면서도 전문 웹디자인 도구에 가까운 자유도를 제공한다."
"Dora (도라)","3D 웹디자인 · AI 웹사이트 제작 · 인터랙티브 웹디자인","코딩 없이 3D 요소, 애니메이션, 스크롤 인터랙션 등을 활용해 시각적으로 독창적인 웹사이트를 제작할 수 있는 디자인 플랫폼.","https://www.dora.run","무료: Starter 플랜
AI 기능 사용을 위한 기본 크레딧 제공
Basic / Pro: 유료 플랜
Business: 별도 문의
AI 및 게시 기능에 따라 사용량 제한 존재","일반적인 웹빌더보다 강력한 3D 및 인터랙션 표현 가능
스크롤 기반 애니메이션과 움직임 구현에 강함
독창적인 비주얼 중심의 웹사이트 제작 가능
코딩 없이 시각적인 편집 작업 가능
AI로 초기 웹사이트 구성 가능
Figma 디자인을 가져와 발전시키는 워크플로우 활용 가능
3D 모델과 비주얼 요소를 직접 배치하고 조정 가능","Dora의 강점을 제대로 활용하려면 디자인 감각과 학습이 필요함
3D 및 복잡한 인터랙션은 웹사이트 성능에 영향을 줄 수 있음
정보 전달 중심의 일반적인 기업 홈페이지에는 기능이 과할 수 있음
AI 자동 생성만으로 Dora 특유의 고급 결과물을 만들기는 어려움","3D 포트폴리오, 디지털 아트 사이트, 인터랙티브 브랜드 사이트, 제품 런칭 페이지, 크리에이티브 에이전시 홈페이지.","참고 평가 — 실제 장기간 사용한 체험기가 아니라 기능과 워크플로우를 기준으로 한 평가

평범한 홈페이지보다 시각적으로 강렬하고 실험적인 웹사이트를 만들 때 가치가 크다. AI 생성 자체보다는 AI로 시작한 뒤 디자이너가 3D와 애니메이션을 더해 완성하는 방식에 잘 맞는다. 디자인 경험이 있는 사람이 사용할수록 결과물의 차이가 크게 나타날 서비스다.","★★★★★ 5/5 · 직접 설계형

초기 사이트는 AI에게 맡길 수 있지만 Dora의 핵심은 이후 사용자가 직접 디자인하는 과정에 있다. 레이아웃, 모션, 스크롤 효과, 3D 오브젝트 등을 직접 세밀하게 조절할 수 있어 디자인 개입 수준이 매우 높다."
"Uizard (유아이자드)","AI UI/UX 디자인 · 와이어프레임 · 프로토타이핑","텍스트 설명, 스크린샷, 손으로 그린 스케치 등을 바탕으로 앱과 웹사이트의 UI 화면과 프로토타입을 빠르게 생성할 수 있는 AI 디자인 도구.","https://uizard.io","무료 플랜 제공
무료 플랜은 AI 생성 횟수 등에 제한
Pro: 월 약 $12부터(연간 결제 기준)
Business: 월 약 $39부터(연간 결제 기준)
Enterprise: 별도 문의","디자인 경험이 적어도 쉽게 사용할 수 있음
텍스트만으로 여러 UI 화면 생성 가능
스크린샷을 편집 가능한 UI로 변환 가능
손으로 그린 와이어프레임을 디지털 화면으로 변환 가능
다양한 UI 템플릿 제공
초기 아이디어와 MVP를 빠르게 시각화하기 좋음
간단한 프로토타입 제작 가능","전문 디자인 도구보다 세밀한 편집 능력이 떨어짐
생성 결과가 비슷한 디자인 패턴을 보일 수 있음
복잡한 디자인 시스템 구축에는 적합하지 않음
실제 서비스에 적용하려면 Figma 등에서 추가 작업이 필요할 수 있음
무료 플랜의 AI 사용량이 제한적임","앱 기획, 웹서비스 와이어프레임, MVP 제작, 초기 UI 컨셉 디자인, 비디자이너의 아이디어 시각화.","참고 평가 — 실제 장기간 사용한 체험기가 아니라 기능과 워크플로우를 기준으로 한 평가

UI/UX를 전문적으로 배우지 않은 사람이 아이디어를 빠르게 눈에 보이는 화면으로 만드는 데 특히 유용하다. 완성된 디자인을 처음부터 만드는 도구라기보다는 기획 단계에서 화면을 빠르게 생성하고 검토하는 도구로 접근하는 것이 적절하다.","★★★☆☆ 3/5 · AI 생성 + 간편 편집형

AI가 기본 UI를 만들어 주고 사용자가 생성 결과를 직접 수정할 수 있다. 텍스트, 컬러, 이미지, 위치와 기본적인 컴포넌트는 변경할 수 있지만 Figma처럼 전문적인 디자인 시스템이나 세밀한 반응형 구조까지 자유롭게 제어하는 수준은 아니다."
"Google Stitch (구 Galileo AI)","AI UI 디자인 · 텍스트 기반 UI 생성 · 프로토타이핑","자연어 설명이나 이미지 등의 레퍼런스를 바탕으로 웹사이트와 모바일 앱 UI를 자동 생성하고 다양한 디자인 방향을 빠르게 탐색할 수 있는 Google의 AI 디자인 도구.","https://stitch.withgoogle.com
기존 Galileo AI: https://usegalileo.ai","기존 Galileo AI 요금제는 더 이상 적용되지 않음
Google Stitch는 Google Labs 계열의 AI 서비스로 제공
이용 범위 및 생성 한도는 Google 정책에 따라 변경될 수 있음","텍스트 프롬프트만으로 UI 디자인 생성 가능
이미지나 와이어프레임 등을 참고해 디자인 제작 가능
짧은 시간에 여러 디자인 방향을 비교할 수 있음
웹과 모바일 UI 모두 생성 가능
여러 화면을 연결해 프로토타입과 사용자 흐름을 구성 가능
프런트엔드 코드 생성 및 활용 가능
생성 결과를 Figma 등 다른 디자인 워크플로우로 연결 가능","AI 생성 결과의 완성도가 항상 일정하지 않음
복잡한 UX 구조는 사용자가 별도로 검토해야 함
Figma처럼 픽셀 단위로 모든 요소를 직접 설계하는 전문 편집 도구는 아님
생성형 AI 특성상 의도와 다른 UI가 나올 수 있음
기능과 서비스 정책이 빠르게 변경될 수 있음","앱 UI 컨셉 디자인, 웹서비스 초기 화면 구성, 디자인 아이디어 탐색, 디자인 시안 비교, 초기 프로토타입 제작.","참고 평가 — 실제 장기간 사용한 체험기가 아니라 기능과 워크플로우를 기준으로 한 평가

디자인을 직접 처음부터 완성하기보다는 AI에게 여러 가능성을 제안받는 데 강점이 있는 도구다. 아이디어가 명확하지 않을 때 다양한 시안을 빠르게 확인하기 좋으며, 최종 디자인 툴보다는 디자인 탐색과 초기 생성 단계에서 특히 유용하다.","★★★☆☆ 3/5 · AI 생성 + 방향 조정형

사용자가 모든 화면을 직접 그리는 것보다 프롬프트와 레퍼런스를 제공한 뒤 AI가 생성한 디자인을 선택하고 수정하는 방식이 중심이다. 전체적인 방향과 요구사항에는 적극적으로 개입할 수 있지만, 정밀한 수동 편집이 필요하다면 Figma 등과 연결해 추가 작업하는 것이 적합하다."
