서비스 이름,분야,한 줄 소개,주소(URL),요금,장점,아쉬운 점,추천 용도,직접 써본 소감
Runway (Gen-4.5),동영상 생성,텍스트/이미지를 영상으로 바꾸는 범용 AI 영상 생성·편집 툴,https://runwayml.com,"무료 체험 후 Standard $15/월(625크레딧), Pro $35/월, Max $95/월",편집 기능이 강력하고 4K 업스케일링·전문가용 포맷을 지원함,크레딧 소모가 빨라 짧은 영상 위주로만 테스트 가능,광고·브랜드 영상 등 후반 편집까지 필요한 작업,
Kling AI,동영상 생성,중국 Kuaishou가 만든 가성비 좋은 텍스트/이미지 투 비디오 서비스,https://klingai.com,"무료 체험 제공, Standard 약 $10/월, Pro 약 $37/월, Premier $92/월, Ultra $180/월",가격 대비 화질이 좋고 네이티브 4K·카메라 컨트롤을 지원함,상위 요금제 가격이 2026년에 큰 폭으로 인상됨,가성비 좋게 다양한 영상을 많이 뽑아보고 싶을 때,
Luma Dream Machine (Ray3),동영상 생성,자체 Ray 모델과 Veo·Kling 등 외부 모델을 하나의 크레딧으로 쓸 수 있는 영상 생성 허브,https://lumalabs.ai/dream-machine,"Plus $30/월, Pro $90/월, Ultra $300/월 (연간 결제 시 20% 할인)",여러 최신 모델을 한 플랫폼·크레딧으로 비교해서 쓸 수 있음,고해상도·HDR 옵션은 크레딧 소모가 커서 비용이 금방 올라감,여러 모델 결과물을 비교해보고 최적 모델을 고르고 싶을 때,
Google Veo 3.1 (Flow),동영상 생성,구글의 최신 영상 생성 모델로 영상과 오디오를 함께 생성하는 고품질 서비스,https://labs.google/flow,"Google AI Pro $19.99/월(크레딧 1,000개), AI Ultra $99.99/월(크레딧 6,000개), API는 초당 $0.05~$0.60",현재 화질·사실감이 가장 뛰어나고 네이티브 오디오·9:16 숏폼을 지원함,구독 크레딧이 빨리 소모되고 API 요금은 초 단위라 비용 예측이 어려움,가장 퀄리티 높은 결과물이 필요한 광고·영화적 영상,
Pika,동영상 생성,트렌디한 숏폼 효과와 재미있는 영상 템플릿에 특화된 생성 툴,https://pika.art,"Free(월 80크레딧), Standard $8/월, Pro $28/월, Fancy $76~95/월",SNS에 어울리는 트렌디한 효과·템플릿이 많고 진입장벽이 낮음,무료·스탠다드 요금제는 워터마크가 남고 상업적 이용이 제한됨,유튜브 쇼츠·릴스 등 트렌드성 숏폼 콘텐츠 제작,
HeyGen,동영상 생성,텍스트만 입력하면 AI 아바타가 말하는 영상을 만들어주는 talking-head 영상 툴,https://www.heygen.com,"Creator $29/월, Pro $49/월, Business $149/월 + 좌석당 $20",다양한 언어 더빙·립싱크 품질이 좋고 아바타 커스터마이징이 쉬움,고품질 아바타 모델(Avatar IV/V)은 크레딧 소모가 커서 비용이 늘어남,강의·사내 교육·제품 소개 등 발표자형 영상,
Synthesia,동영상 생성,기업용 교육·안내 영상 제작에 특화된 AI 아바타 영상 플랫폼,0,"Starter $29/월(연간 $18), Creator $89/월(연간 $64), 기업용은 별도 견적",기업 템플릿·다국어 더빙이 강력하고 보안·협업 기능이 좋음,HeyGen 대비 분당 비용이 비싸고 자유도는 다소 낮음,회사 사내교육·온보딩·다국어 안내 영상,
Hailuo AI (MiniMax / 하이뤄),동영상 생성,인물 동작·표정과 움직임 지시 표현에 강점이 있는 MiniMax 영상 생성 서비스,https://hailuoai.video/ko/subscribe,"Free 무료 체험; 월 결제 표시가(2026-10-07): Standard $10.50(1,000크레딧)·Pro $38(4,500)·Master $89(10,500)·Max $216(27,000); 연 결제 월 환산 $8.40·$30.40·$71.20·$184 (연 총액 $100.80·$364.80·$854.40·$2,208); 할인·결제 주기에 따라 변동",역동적인 인물 움직임·세밀한 표정과 다양한 스타일을 표현함,모델·해상도·영상 길이에 따라 생성 비용과 결과가 달라짐,역동적인 인물 액션·시네마틱 장면 제작,
PixVerse,동영상 생성,텍스트·이미지로 숏폼과 소셜 광고 영상을 만드는 영상 생성 서비스,https://app.pixverse.ai/subscribe,Basic 무료; Standard $10/월·Pro $30/월·Premium $60/월 (연간 결제 월 환산 $8·$24·$48),효과·이미지 기반 영상 제작과 시작·끝 프레임 제어를 제공함,무료·Standard는 해상도가 제한되고 반복 생성 시 크레딧이 소모됨,틱톡·인스타그램 릴스·유튜브 쇼츠 및 소셜 광고 제작,
Adobe Firefly Video,동영상 생성,Adobe의 영상 생성 모델과 Premiere Pro 생성형 확장을 활용하는 제작 도구,https://www.adobe.com/products/firefly/plans.html,미국 정가: Standard $9.99/월·Pro $19.99/월·Pro Plus $49.99/월·Premium $199.99/월; 지역·프로모션에 따라 다름,Adobe 자체 모델은 상업적 이용 안전성을 고려해 설계되었고 Premiere Pro 작업과 연계 가능,영상 생성 크레딧·별도 앱 구독 조건 확인 필요; 모든 결과물의 권리 문제가 자동으로 보장되지는 않음,기업 광고·브랜드 영상의 생성 및 기존 영상 클립 확장,
Wan (Alibaba / 완),동영상 생성,알리바바가 공개한 오픈소스 영상 생성 모델 계열 (공개 Wan2.2 기준),https://github.com/Wan-Video/Wan2.2,공개 코드·모델은 Apache-2.0 라이선스; 자체 실행 GPU·클라우드 비용 또는 외부 서비스 요금 별도,텍스트·이미지 기반 영상 생성과 자체 서버 실행·맞춤 구성이 가능함,설치·GPU 자원·운영 지식이 필요하고 모델별 자원 요구량이 다름,자체 서버에서 영상 생성·연구·맞춤 제작 파이프라인 구축,
